<?xml version="1.0" encoding="UTF-8"?>
<metadata xml:lang="zh"><Esri><CreaDate>20211230</CreaDate><CreaTime>09540800</CreaTime><ArcGISFormat>1.0</ArcGISFormat><SyncOnce>FALSE</SyncOnce><DataProperties><itemProps><itemName Sync="TRUE">标准库20211230_Sort</itemName><imsContentType Sync="TRUE">002</imsContentType><itemLocation><linkage Sync="TRUE">file://\\LAPTOP-DERTA475\D$\2021年工作\16自然保护地变化图斑核查\00与监测中心对接情况20211228\标准库20211230.gdb</linkage><protocol Sync="TRUE">Local Area Network</protocol></itemLocation></itemProps><coordRef><type Sync="TRUE">Geographic</type><geogcsn Sync="TRUE">GCS_China_Geodetic_Coordinate_System_2000</geogcsn><csUnits Sync="TRUE">Angular Unit: Degree (0.017453)</csUnits><peXml Sync="TRUE">&lt;GeographicCoordinateSystem xsi:type='typens:GeographicCoordinateSystem' xmlns:xsi='http://www.w3.org/2001/XMLSchema-instance' xmlns:xs='http://www.w3.org/2001/XMLSchema' xmlns:typens='http://www.esri.com/schemas/ArcGIS/10.1'&gt;&lt;WKT&gt;GEOGCS[&amp;quot;GCS_China_Geodetic_Coordinate_System_2000&amp;quot;,DATUM[&amp;quot;D_China_2000&amp;quot;,SPHEROID[&amp;quot;CGCS2000&amp;quot;,6378137.0,298.257222101]],PRIMEM[&amp;quot;Greenwich&amp;quot;,0.0],UNIT[&amp;quot;Degree&amp;quot;,0.0174532925199433],AUTHORITY[&amp;quot;EPSG&amp;quot;,4490]]&lt;/WKT&gt;&lt;XOrigin&gt;-400&lt;/XOrigin&gt;&lt;YOrigin&gt;-400&lt;/YOrigin&gt;&lt;XYScale&gt;1111948722.2222221&lt;/XYScale&gt;&lt;ZOrigin&gt;-100000&lt;/ZOrigin&gt;&lt;ZScale&gt;10000&lt;/ZScale&gt;&lt;MOrigin&gt;-100000&lt;/MOrigin&gt;&lt;MScale&gt;10000&lt;/MScale&gt;&lt;XYTolerance&gt;8.9831528411952133e-009&lt;/XYTolerance&gt;&lt;ZTolerance&gt;0.001&lt;/ZTolerance&gt;&lt;MTolerance&gt;0.001&lt;/MTolerance&gt;&lt;HighPrecision&gt;true&lt;/HighPrecision&gt;&lt;LeftLongitude&gt;-180&lt;/LeftLongitude&gt;&lt;WKID&gt;4490&lt;/WKID&gt;&lt;LatestWKID&gt;4490&lt;/LatestWKID&gt;&lt;/GeographicCoordinateSystem&gt;</peXml></coordRef><lineage><Process ToolSource="d:\软件安装包\arcgis\desktop10.2\ArcToolbox\Toolboxes\Conversion Tools.tbx\FeatureClassToFeatureClass" Date="20211230" Time="080014">FeatureClassToFeatureClass D:\2021年工作\16自然保护地变化图斑核查\20211222\标准库20211229.shp D:\2021年工作\16自然保护地变化图斑核查\00与监测中心对接情况20211228\标准库20211230.gdb 标准库20211229 # "JC_ND "JC_ND" true true false 4 Short 0 4 ,First,#,D:\2021年工作\16自然保护地变化图斑核查\20211222\标准库20211229.shp,JC_ND,-1,-1;TB_NO "TB_NO" true true false 4 Text 0 0 ,First,#,D:\2021年工作\16自然保护地变化图斑核查\20211222\标准库20211229.shp,TB_NO,-1,-1;BHD_BM "BHD_BM" true true false 6 Text 0 0 ,First,#,D:\2021年工作\16自然保护地变化图斑核查\20211222\标准库20211229.shp,BHD_BM,-1,-1;BHD_MC "BHD_MC" true true false 50 Text 0 0 ,First,#,D:\2021年工作\16自然保护地变化图斑核查\20211222\标准库20211229.shp,BHD_MC,-1,-1;GN_FQ "GN_FQ" true true false 2 Text 0 0 ,First,#,D:\2021年工作\16自然保护地变化图斑核查\20211222\标准库20211229.shp,GN_FQ,-1,-1;SHI "SHI" true true false 10 Text 0 0 ,First,#,D:\2021年工作\16自然保护地变化图斑核查\20211222\标准库20211229.shp,SHI,-1,-1;XIAN "XIAN" true true false 10 Text 0 0 ,First,#,D:\2021年工作\16自然保护地变化图斑核查\20211222\标准库20211229.shp,XIAN,-1,-1;XIANG "XIANG" true true false 40 Text 0 0 ,First,#,D:\2021年工作\16自然保护地变化图斑核查\20211222\标准库20211229.shp,XIANG,-1,-1;CUN "CUN" true true false 40 Text 0 0 ,First,#,D:\2021年工作\16自然保护地变化图斑核查\20211222\标准库20211229.shp,CUN,-1,-1;X "X" true true false 13 Double 8 12 ,First,#,D:\2021年工作\16自然保护地变化图斑核查\20211222\标准库20211229.shp,X,-1,-1;Y "Y" true true false 13 Double 8 12 ,First,#,D:\2021年工作\16自然保护地变化图斑核查\20211222\标准库20211229.shp,Y,-1,-1;MIAN_JI "MIAN_JI" true true false 19 Double 0 0 ,First,#,D:\2021年工作\16自然保护地变化图斑核查\20211222\标准库20211229.shp,MIAN_JI,-1,-1;PD_DL "PD_DL" true true false 4 Text 0 0 ,First,#,D:\2021年工作\16自然保护地变化图斑核查\20211222\标准库20211229.shp,PD_DL,-1,-1;PD_BQYY "PD_BQYY" true true false 8 Date 0 0 ,First,#,D:\2021年工作\16自然保护地变化图斑核查\20211222\标准库20211229.shp,PD_BQYY,-1,-1;LD_QS "LD_QS" true true false 2 Text 0 0 ,First,#,D:\2021年工作\16自然保护地变化图斑核查\20211222\标准库20211229.shp,LD_QS,-1,-1;TD_JYQ "TD_JYQ" true true false 1 Text 0 0 ,First,#,D:\2021年工作\16自然保护地变化图斑核查\20211222\标准库20211229.shp,TD_JYQ,-1,-1;XB_NO "XB_NO" true true false 4 Short 0 4 ,First,#,D:\2021年工作\16自然保护地变化图斑核查\20211222\标准库20211229.shp,XB_NO,-1,-1;SJ_MIANJI "SJ_MIANJI" true true false 9 Double 2 8 ,First,#,D:\2021年工作\16自然保护地变化图斑核查\20211222\标准库20211229.shp,SJ_MIANJI,-1,-1;RD_DL "RD_DL" true true false 4 Text 0 0 ,First,#,D:\2021年工作\16自然保护地变化图斑核查\20211222\标准库20211229.shp,RD_DL,-1,-1;GTDL "GTDL" true true false 5 Text 0 0 ,First,#,D:\2021年工作\16自然保护地变化图斑核查\20211222\标准库20211229.shp,GTDL,-1,-1;LM_WJ "LM_WJ" true true false 30 Text 0 0 ,First,#,D:\2021年工作\16自然保护地变化图斑核查\20211222\标准库20211229.shp,LM_WJ,-1,-1;LD_WJ "LD_WJ" true true false 30 Text 0 0 ,First,#,D:\2021年工作\16自然保护地变化图斑核查\20211222\标准库20211229.shp,LD_WJ,-1,-1;HP_WJ "HP_WJ" true true false 30 Text 0 0 ,First,#,D:\2021年工作\16自然保护地变化图斑核查\20211222\标准库20211229.shp,HP_WJ,-1,-1;GT_MJ "GT_MJ" true true false 30 Text 0 0 ,First,#,D:\2021年工作\16自然保护地变化图斑核查\20211222\标准库20211229.shp,GT_MJ,-1,-1;FG_WJ "FG_WJ" true true false 30 Text 0 0 ,First,#,D:\2021年工作\16自然保护地变化图斑核查\20211222\标准库20211229.shp,FG_WJ,-1,-1;SF_WF "SF_WF" true true false 10 Text 0 0 ,First,#,D:\2021年工作\16自然保护地变化图斑核查\20211222\标准库20211229.shp,SF_WF,-1,-1;WF_FSSJ "WF_FSSJ" true true false 6 Text 0 0 ,First,#,D:\2021年工作\16自然保护地变化图斑核查\20211222\标准库20211229.shp,WF_FSSJ,-1,-1;WF_MJ "WF_MJ" true true false 9 Double 2 8 ,First,#,D:\2021年工作\16自然保护地变化图斑核查\20211222\标准库20211229.shp,WF_MJ,-1,-1;CC_LX "CC_LX" true true false 1 Text 0 0 ,First,#,D:\2021年工作\16自然保护地变化图斑核查\20211222\标准库20211229.shp,CC_LX,-1,-1;CC_QK "CC_QK" true true false 200 Text 0 0 ,First,#,D:\2021年工作\16自然保护地变化图斑核查\20211222\标准库20211229.shp,CC_QK,-1,-1;CZYJ "CZYJ" true true false 20 Text 0 0 ,First,#,D:\2021年工作\16自然保护地变化图斑核查\20211222\标准库20211229.shp,CZYJ,-1,-1;SS_MC "SS_MC" true true false 100 Text 0 0 ,First,#,D:\2021年工作\16自然保护地变化图斑核查\20211222\标准库20211229.shp,SS_MC,-1,-1;SS_XZ "SS_XZ" true true false 200 Text 0 0 ,First,#,D:\2021年工作\16自然保护地变化图斑核查\20211222\标准库20211229.shp,SS_XZ,-1,-1;BH_LC "BH_LC" true true false 200 Text 0 0 ,First,#,D:\2021年工作\16自然保护地变化图斑核查\20211222\标准库20211229.shp,BH_LC,-1,-1;ST_QK "ST_QK" true true false 200 Text 0 0 ,First,#,D:\2021年工作\16自然保护地变化图斑核查\20211222\标准库20211229.shp,ST_QK,-1,-1;QT_QK "QT_QK" true true false 200 Text 0 0 ,First,#,D:\2021年工作\16自然保护地变化图斑核查\20211222\标准库20211229.shp,QT_QK,-1,-1;HC_RY "HC_RY" true true false 20 Text 0 0 ,First,#,D:\2021年工作\16自然保护地变化图斑核查\20211222\标准库20211229.shp,HC_RY,-1,-1;HC_SJ "HC_SJ" true true false 20 Text 0 0 ,First,#,D:\2021年工作\16自然保护地变化图斑核查\20211222\标准库20211229.shp,HC_SJ,-1,-1;SHR "SHR" true true false 10 Text 0 0 ,First,#,D:\2021年工作\16自然保护地变化图斑核查\20211222\标准库20211229.shp,SHR,-1,-1;BEI_ZU "BEI_ZU" true true false 200 Text 0 0 ,First,#,D:\2021年工作\16自然保护地变化图斑核查\20211222\标准库20211229.shp,BEI_ZU,-1,-1" #</Process><Process ToolSource="d:\软件安装包\arcgis\desktop10.2\ArcToolbox\Toolboxes\Data Management Tools.tbx\CalculateField" Date="20211230" Time="084646">CalculateField 标准库20211229 GN_FQ [BEI_ZU] VB #</Process><Process ToolSource="d:\软件安装包\arcgis\desktop10.2\ArcToolbox\Toolboxes\Data Management Tools.tbx\CalculateField" Date="20211230" Time="084706">CalculateField 标准库20211229 GN_FQ [BEI_ZU] VB #</Process><Process ToolSource="d:\软件安装包\arcgis\desktop10.2\ArcToolbox\Toolboxes\Data Management Tools.tbx\CalculateField" Date="20211230" Time="084729">CalculateField 标准库20211229 GN_FQ [BEI_ZU] VB #</Process><Process ToolSource="d:\软件安装包\arcgis\desktop10.2\ArcToolbox\Toolboxes\Data Management Tools.tbx\CalculateField" Date="20211230" Time="084741">CalculateField 标准库20211229 SHR [BEI_ZU] VB #</Process><Process ToolSource="d:\软件安装包\arcgis\desktop10.2\ArcToolbox\Toolboxes\Data Management Tools.tbx\CalculateField" Date="20211230" Time="084751">CalculateField 标准库20211229 SHR "" VB #</Process><Process ToolSource="d:\软件安装包\arcgis\desktop10.2\ArcToolbox\Toolboxes\Data Management Tools.tbx\CalculateField" Date="20211230" Time="084810">CalculateField 标准库20211229 GN_FQ "" VB #</Process><Process ToolSource="d:\软件安装包\arcgis\desktop10.2\ArcToolbox\Toolboxes\Data Management Tools.tbx\CalculateField" Date="20211230" Time="084821">CalculateField 标准库20211229 GN_FQ [BEI_ZU] VB #</Process><Process ToolSource="d:\软件安装包\arcgis\desktop10.2\ArcToolbox\Toolboxes\Data Management Tools.tbx\CalculateField" Date="20211230" Time="084917">CalculateField 标准库20211230 GN_FQ [BEI_ZU] VB #</Process><Process ToolSource="d:\软件安装包\arcgis\desktop10.2\ArcToolbox\Toolboxes\Data Management Tools.tbx\CalculateField" Date="20211230" Time="085250">CalculateField 标准库20211230 SHI "桂林市" VB #</Process><Process ToolSource="d:\软件安装包\arcgis\desktop10.2\ArcToolbox\Toolboxes\Data Management Tools.tbx\CalculateField" Date="20211230" Time="085328">CalculateField 标准库20211230 BEI_ZU "" VB #</Process><Process ToolSource="d:\软件安装包\arcgis\desktop10.2\ArcToolbox\Toolboxes\Data Management Tools.tbx\CalculateField" Date="20211230" Time="085502">CalculateField 标准库20211230 LD_QS "" VB #</Process><Process ToolSource="d:\软件安装包\arcgis\desktop10.2\ArcToolbox\Toolboxes\Data Management Tools.tbx\CalculateField" Date="20211230" Time="085506">CalculateField 标准库20211230 TD_JYQ "" VB #</Process><Process ToolSource="d:\软件安装包\arcgis\desktop10.2\ArcToolbox\Toolboxes\Data Management Tools.tbx\CalculateField" Date="20211230" Time="085510">CalculateField 标准库20211230 XB_NO "" VB #</Process><Process ToolSource="d:\软件安装包\arcgis\desktop10.2\ArcToolbox\Toolboxes\Data Management Tools.tbx\CalculateField" Date="20211230" Time="085516">CalculateField 标准库20211230 SJ_MIANJI "" VB #</Process><Process ToolSource="d:\软件安装包\arcgis\desktop10.2\ArcToolbox\Toolboxes\Data Management Tools.tbx\CalculateField" Date="20211230" Time="085552">CalculateField 标准库20211230 BHD_BM 452633 VB #</Process><Process ToolSource="d:\软件安装包\arcgis\desktop10.2\ArcToolbox\Toolboxes\Data Management Tools.tbx\CalculateField" Date="20211230" Time="085828">CalculateField 标准库20211230 Xmin !shape.extent.Xmin! PYTHON_9.3 #</Process><Process ToolSource="d:\软件安装包\arcgis\desktop10.2\ArcToolbox\Toolboxes\Data Management Tools.tbx\CalculateField" Date="20211230" Time="085841">CalculateField 标准库20211230 Ymax !shape.extent.Ymax! PYTHON_9.3 #</Process><Process ToolSource="d:\软件安装包\arcgis\desktop10.2\ArcToolbox\Toolboxes\Data Management Tools.tbx\Sort" Date="20211230" Time="085924">Sort 标准库20211230 C:\Users\jdd\Documents\ArcGIS\Default.gdb\标准库20211230_Sort "Ymax DESCENDING;Xmin ASCENDING" UR</Process><Process ToolSource="d:\软件安装包\arcgis\desktop10.2\ArcToolbox\Toolboxes\Data Management Tools.tbx\CalculateField" Date="20211230" Time="085952">CalculateField 标准库20211230_Sort TB_NO [OBJECTID] VB #</Process></lineage></DataProperties><SyncDate>20211230</SyncDate><SyncTime>08592400</SyncTime><ModDate>20211230</ModDate><ModTime>08592400</ModTime></Esri><dataIdInfo><envirDesc Sync="TRUE"> Version 6.2 (Build 9200) ; Esri ArcGIS 10.2.0.3348</envirDesc><dataLang><languageCode value="zho" Sync="TRUE"></languageCode><countryCode value="CHN" Sync="TRUE"></countryCode></dataLang><idCitation><resTitle Sync="TRUE">标准库20211230_Sort</resTitle><presForm><PresFormCd value="005" Sync="TRUE"></PresFormCd></presForm></idCitation><spatRpType><SpatRepTypCd value="001" Sync="TRUE"></SpatRepTypCd></spatRpType></dataIdInfo><mdLang><languageCode value="zho" Sync="TRUE"></languageCode><countryCode value="CHN" Sync="TRUE"></countryCode></mdLang><distInfo><distFormat><formatName Sync="TRUE">文件地理数据库要素类</formatName></distFormat></distInfo><mdHrLv><ScopeCd value="005" Sync="TRUE"></ScopeCd></mdHrLv><mdHrLvName Sync="TRUE">dataset</mdHrLvName><refSysInfo><RefSystem><refSysID><identCode code="4490" Sync="TRUE"></identCode><idCodeSpace Sync="TRUE">EPSG</idCodeSpace><idVersion Sync="TRUE">8.1.1</idVersion></refSysID></RefSystem></refSysInfo><spatRepInfo><VectSpatRep><geometObjs Name="标准库20211230_Sort"><geoObjTyp><GeoObjTypCd value="002" Sync="TRUE"></GeoObjTypCd></geoObjTyp><geoObjCnt Sync="TRUE">0</geoObjCnt></geometObjs><topLvl><TopoLevCd value="001" Sync="TRUE"></TopoLevCd></topLvl></VectSpatRep></spatRepInfo><spdoinfo><ptvctinf><esriterm Name="标准库20211230_Sort"><efeatyp Sync="TRUE">Simple</efeatyp><efeageom code="4" Sync="TRUE"></efeageom><esritopo Sync="TRUE">FALSE</esritopo><efeacnt Sync="TRUE">0</efeacnt><spindex Sync="TRUE">TRUE</spindex><linrefer Sync="TRUE">FALSE</linrefer></esriterm></ptvctinf></spdoinfo><eainfo><detailed Name="标准库20211230_Sort"><enttyp><enttypl Sync="TRUE">标准库20211230_Sort</enttypl><enttypt Sync="TRUE">Feature Class</enttypt><enttypc Sync="TRUE">0</enttypc></enttyp><attr><attrlabl Sync="TRUE">OBJECTID</attrlabl><attalias Sync="TRUE">OBJECTID</attalias><attrtype Sync="TRUE">OID</attrtype><attwidth Sync="TRUE">4</attwidth><atprecis Sync="TRUE">0</atprecis><attscale Sync="TRUE">0</attscale><attrdef Sync="TRUE">Internal feature number.</attrdef><attrdefs Sync="TRUE">Esri</attrdefs><attrdomv><udom Sync="TRUE">Sequential unique whole numbers that are automatically generated.</udom></attrdomv></attr><attr><attrlabl Sync="TRUE">Shape</attrlabl><attalias Sync="TRUE">Shape</attalias><attrtype Sync="TRUE">Geometry</attrtype><attwidth Sync="TRUE">0</attwidth><atprecis Sync="TRUE">0</atprecis><attscale Sync="TRUE">0</attscale><attrdef Sync="TRUE">Feature geometry.</attrdef><attrdefs Sync="TRUE">Esri</attrdefs><attrdomv><udom Sync="TRUE">Coordinates defining the features.</udom></attrdomv></attr><attr><attrlabl Sync="TRUE">JC_ND</attrlabl><attalias Sync="TRUE">JC_ND</attalias><attrtype Sync="TRUE">SmallInteger</attrtype><attwidth Sync="TRUE">2</attwidth><atprecis Sync="TRUE">0</atprecis><attscale Sync="TRUE">0</attscale></attr><attr><attrlabl Sync="TRUE">TB_NO</attrlabl><attalias Sync="TRUE">TB_NO</attalias><attrtype Sync="TRUE">String</attrtype><attwidth Sync="TRUE">4</attwidth><atprecis Sync="TRUE">0</atprecis><attscale Sync="TRUE">0</attscale></attr><attr><attrlabl Sync="TRUE">BHD_BM</attrlabl><attalias Sync="TRUE">BHD_BM</attalias><attrtype Sync="TRUE">String</attrtype><attwidth Sync="TRUE">6</attwidth><atprecis Sync="TRUE">0</atprecis><attscale Sync="TRUE">0</attscale></attr><attr><attrlabl Sync="TRUE">BHD_MC</attrlabl><attalias Sync="TRUE">BHD_MC</attalias><attrtype Sync="TRUE">String</attrtype><attwidth Sync="TRUE">50</attwidth><atprecis Sync="TRUE">0</atprecis><attscale Sync="TRUE">0</attscale></attr><attr><attrlabl Sync="TRUE">GN_FQ</attrlabl><attalias Sync="TRUE">GN_FQ</attalias><attrtype Sync="TRUE">String</attrtype><attwidth Sync="TRUE">50</attwidth><atprecis Sync="TRUE">0</atprecis><attscale Sync="TRUE">0</attscale></attr><attr><attrlabl Sync="TRUE">SHI</attrlabl><attalias Sync="TRUE">SHI</attalias><attrtype Sync="TRUE">String</attrtype><attwidth Sync="TRUE">10</attwidth><atprecis Sync="TRUE">0</atprecis><attscale Sync="TRUE">0</attscale></attr><attr><attrlabl Sync="TRUE">XIAN</attrlabl><attalias Sync="TRUE">XIAN</attalias><attrtype Sync="TRUE">String</attrtype><attwidth Sync="TRUE">10</attwidth><atprecis Sync="TRUE">0</atprecis><attscale Sync="TRUE">0</attscale></attr><attr><attrlabl Sync="TRUE">XIANG</attrlabl><attalias Sync="TRUE">XIANG</attalias><attrtype Sync="TRUE">String</attrtype><attwidth Sync="TRUE">40</attwidth><atprecis Sync="TRUE">0</atprecis><attscale Sync="TRUE">0</attscale></attr><attr><attrlabl Sync="TRUE">CUN</attrlabl><attalias Sync="TRUE">CUN</attalias><attrtype Sync="TRUE">String</attrtype><attwidth Sync="TRUE">40</attwidth><atprecis Sync="TRUE">0</atprecis><attscale Sync="TRUE">0</attscale></attr><attr><attrlabl Sync="TRUE">X</attrlabl><attalias Sync="TRUE">X</attalias><attrtype Sync="TRUE">Double</attrtype><attwidth Sync="TRUE">8</attwidth><atprecis Sync="TRUE">0</atprecis><attscale Sync="TRUE">0</attscale></attr><attr><attrlabl Sync="TRUE">Y</attrlabl><attalias Sync="TRUE">Y</attalias><attrtype Sync="TRUE">Double</attrtype><attwidth Sync="TRUE">8</attwidth><atprecis Sync="TRUE">0</atprecis><attscale Sync="TRUE">0</attscale></attr><attr><attrlabl Sync="TRUE">MIAN_JI</attrlabl><attalias Sync="TRUE">MIAN_JI</attalias><attrtype Sync="TRUE">Double</attrtype><attwidth Sync="TRUE">8</attwidth><atprecis Sync="TRUE">0</atprecis><attscale Sync="TRUE">0</attscale></attr><attr><attrlabl Sync="TRUE">PD_DL</attrlabl><attalias Sync="TRUE">PD_DL</attalias><attrtype Sync="TRUE">String</attrtype><attwidth Sync="TRUE">4</attwidth><atprecis Sync="TRUE">0</atprecis><attscale Sync="TRUE">0</attscale></attr><attr><attrlabl Sync="TRUE">PD_YX</attrlabl><attalias Sync="TRUE">PD_YX</attalias><attrtype Sync="TRUE">String</attrtype><attwidth Sync="TRUE">100</attwidth><atprecis Sync="TRUE">0</atprecis><attscale Sync="TRUE">0</attscale></attr><attr><attrlabl Sync="TRUE">LD_QS</attrlabl><attalias Sync="TRUE">LD_QS</attalias><attrtype Sync="TRUE">String</attrtype><attwidth Sync="TRUE">2</attwidth><atprecis Sync="TRUE">0</atprecis><attscale Sync="TRUE">0</attscale></attr><attr><attrlabl Sync="TRUE">TD_JYQ</attrlabl><attalias Sync="TRUE">TD_JYQ</attalias><attrtype Sync="TRUE">String</attrtype><attwidth Sync="TRUE">1</attwidth><atprecis Sync="TRUE">0</atprecis><attscale Sync="TRUE">0</attscale></attr><attr><attrlabl Sync="TRUE">XB_NO</attrlabl><attalias Sync="TRUE">XB_NO</attalias><attrtype Sync="TRUE">SmallInteger</attrtype><attwidth Sync="TRUE">2</attwidth><atprecis Sync="TRUE">0</atprecis><attscale Sync="TRUE">0</attscale></attr><attr><attrlabl Sync="TRUE">SJ_MIANJI</attrlabl><attalias Sync="TRUE">SJ_MIANJI</attalias><attrtype Sync="TRUE">Double</attrtype><attwidth Sync="TRUE">8</attwidth><atprecis Sync="TRUE">0</atprecis><attscale Sync="TRUE">0</attscale></attr><attr><attrlabl Sync="TRUE">RD_DL</attrlabl><attalias Sync="TRUE">RD_DL</attalias><attrtype Sync="TRUE">String</attrtype><attwidth Sync="TRUE">4</attwidth><atprecis Sync="TRUE">0</atprecis><attscale Sync="TRUE">0</attscale></attr><attr><attrlabl Sync="TRUE">GTDL</attrlabl><attalias Sync="TRUE">GTDL</attalias><attrtype Sync="TRUE">String</attrtype><attwidth Sync="TRUE">5</attwidth><atprecis Sync="TRUE">0</atprecis><attscale Sync="TRUE">0</attscale></attr><attr><attrlabl Sync="TRUE">LM_WJ</attrlabl><attalias Sync="TRUE">LM_WJ</attalias><attrtype Sync="TRUE">String</attrtype><attwidth Sync="TRUE">30</attwidth><atprecis Sync="TRUE">0</atprecis><attscale Sync="TRUE">0</attscale></attr><attr><attrlabl Sync="TRUE">LD_WJ</attrlabl><attalias Sync="TRUE">LD_WJ</attalias><attrtype Sync="TRUE">String</attrtype><attwidth Sync="TRUE">30</attwidth><atprecis Sync="TRUE">0</atprecis><attscale Sync="TRUE">0</attscale></attr><attr><attrlabl Sync="TRUE">HP_WJ</attrlabl><attalias Sync="TRUE">HP_WJ</attalias><attrtype Sync="TRUE">String</attrtype><attwidth Sync="TRUE">30</attwidth><atprecis Sync="TRUE">0</atprecis><attscale Sync="TRUE">0</attscale></attr><attr><attrlabl Sync="TRUE">GT_MJ</attrlabl><attalias Sync="TRUE">GT_MJ</attalias><attrtype Sync="TRUE">String</attrtype><attwidth Sync="TRUE">30</attwidth><atprecis Sync="TRUE">0</atprecis><attscale Sync="TRUE">0</attscale></attr><attr><attrlabl Sync="TRUE">FG_WJ</attrlabl><attalias Sync="TRUE">FG_WJ</attalias><attrtype Sync="TRUE">String</attrtype><attwidth Sync="TRUE">30</attwidth><atprecis Sync="TRUE">0</atprecis><attscale Sync="TRUE">0</attscale></attr><attr><attrlabl Sync="TRUE">SF_WF</attrlabl><attalias Sync="TRUE">SF_WF</attalias><attrtype Sync="TRUE">String</attrtype><attwidth Sync="TRUE">10</attwidth><atprecis Sync="TRUE">0</atprecis><attscale Sync="TRUE">0</attscale></attr><attr><attrlabl Sync="TRUE">WF_FSSJ</attrlabl><attalias Sync="TRUE">WF_FSSJ</attalias><attrtype Sync="TRUE">String</attrtype><attwidth Sync="TRUE">6</attwidth><atprecis Sync="TRUE">0</atprecis><attscale Sync="TRUE">0</attscale></attr><attr><attrlabl Sync="TRUE">WF_MJ</attrlabl><attalias Sync="TRUE">WF_MJ</attalias><attrtype Sync="TRUE">Double</attrtype><attwidth Sync="TRUE">8</attwidth><atprecis Sync="TRUE">0</atprecis><attscale Sync="TRUE">0</attscale></attr><attr><attrlabl Sync="TRUE">CC_LX</attrlabl><attalias Sync="TRUE">CC_LX</attalias><attrtype Sync="TRUE">String</attrtype><attwidth Sync="TRUE">1</attwidth><atprecis Sync="TRUE">0</atprecis><attscale Sync="TRUE">0</attscale></attr><attr><attrlabl Sync="TRUE">CC_QK</attrlabl><attalias Sync="TRUE">CC_QK</attalias><attrtype Sync="TRUE">String</attrtype><attwidth Sync="TRUE">200</attwidth><atprecis Sync="TRUE">0</atprecis><attscale Sync="TRUE">0</attscale></attr><attr><attrlabl Sync="TRUE">CZYJ</attrlabl><attalias Sync="TRUE">CZYJ</attalias><attrtype Sync="TRUE">String</attrtype><attwidth Sync="TRUE">20</attwidth><atprecis Sync="TRUE">0</atprecis><attscale Sync="TRUE">0</attscale></attr><attr><attrlabl Sync="TRUE">SS_MC</attrlabl><attalias Sync="TRUE">SS_MC</attalias><attrtype Sync="TRUE">String</attrtype><attwidth Sync="TRUE">100</attwidth><atprecis Sync="TRUE">0</atprecis><attscale Sync="TRUE">0</attscale></attr><attr><attrlabl Sync="TRUE">SS_XZ</attrlabl><attalias Sync="TRUE">SS_XZ</attalias><attrtype Sync="TRUE">String</attrtype><attwidth Sync="TRUE">200</attwidth><atprecis Sync="TRUE">0</atprecis><attscale Sync="TRUE">0</attscale></attr><attr><attrlabl Sync="TRUE">BH_LC</attrlabl><attalias Sync="TRUE">BH_LC</attalias><attrtype Sync="TRUE">String</attrtype><attwidth Sync="TRUE">200</attwidth><atprecis Sync="TRUE">0</atprecis><attscale Sync="TRUE">0</attscale></attr><attr><attrlabl Sync="TRUE">ST_QK</attrlabl><attalias Sync="TRUE">ST_QK</attalias><attrtype Sync="TRUE">String</attrtype><attwidth Sync="TRUE">200</attwidth><atprecis Sync="TRUE">0</atprecis><attscale Sync="TRUE">0</attscale></attr><attr><attrlabl Sync="TRUE">QT_QK</attrlabl><attalias Sync="TRUE">QT_QK</attalias><attrtype Sync="TRUE">String</attrtype><attwidth Sync="TRUE">200</attwidth><atprecis Sync="TRUE">0</atprecis><attscale Sync="TRUE">0</attscale></attr><attr><attrlabl Sync="TRUE">HC_RY</attrlabl><attalias Sync="TRUE">HC_RY</attalias><attrtype Sync="TRUE">String</attrtype><attwidth Sync="TRUE">20</attwidth><atprecis Sync="TRUE">0</atprecis><attscale Sync="TRUE">0</attscale></attr><attr><attrlabl Sync="TRUE">HC_SJ</attrlabl><attalias Sync="TRUE">HC_SJ</attalias><attrtype Sync="TRUE">String</attrtype><attwidth Sync="TRUE">20</attwidth><atprecis Sync="TRUE">0</atprecis><attscale Sync="TRUE">0</attscale></attr><attr><attrlabl Sync="TRUE">SHR</attrlabl><attalias Sync="TRUE">SHR</attalias><attrtype Sync="TRUE">String</attrtype><attwidth Sync="TRUE">10</attwidth><atprecis Sync="TRUE">0</atprecis><attscale Sync="TRUE">0</attscale></attr><attr><attrlabl Sync="TRUE">BEI_ZU</attrlabl><attalias Sync="TRUE">BEI_ZU</attalias><attrtype Sync="TRUE">String</attrtype><attwidth Sync="TRUE">200</attwidth><atprecis Sync="TRUE">0</atprecis><attscale Sync="TRUE">0</attscale></attr><attr><attrlabl Sync="TRUE">Ymax</attrlabl><attalias Sync="TRUE">Ymax</attalias><attrtype Sync="TRUE">Single</attrtype><attwidth Sync="TRUE">4</attwidth><atprecis Sync="TRUE">0</atprecis><attscale Sync="TRUE">0</attscale></attr><attr><attrlabl Sync="TRUE">Xmin</attrlabl><attalias Sync="TRUE">Xmin</attalias><attrtype Sync="TRUE">Single</attrtype><attwidth Sync="TRUE">4</attwidth><atprecis Sync="TRUE">0</atprecis><attscale Sync="TRUE">0</attscale></attr><attr><attrlabl Sync="TRUE">Shape_Length</attrlabl><attalias Sync="TRUE">Shape_Length</attalias><attrtype Sync="TRUE">Double</attrtype><attwidth Sync="TRUE">8</attwidth><atprecis Sync="TRUE">0</atprecis><attscale Sync="TRUE">0</attscale><attrdef Sync="TRUE">Length of feature in internal units.</attrdef><attrdefs Sync="TRUE">Esri</attrdefs><attrdomv><udom Sync="TRUE">Positive real numbers that are automatically generated.</udom></attrdomv></attr><attr><attrlabl Sync="TRUE">Shape_Area</attrlabl><attalias Sync="TRUE">Shape_Area</attalias><attrtype Sync="TRUE">Double</attrtype><attwidth Sync="TRUE">8</attwidth><atprecis Sync="TRUE">0</atprecis><attscale Sync="TRUE">0</attscale><attrdef Sync="TRUE">Area of feature in internal units squared.</attrdef><attrdefs Sync="TRUE">Esri</attrdefs><attrdomv><udom Sync="TRUE">Positive real numbers that are automatically generated.</udom></attrdomv></attr></detailed></eainfo><mdDateSt Sync="TRUE">20211230</mdDateSt></metadata>
